0,44,0,0,0,0,0,0,0,0,0,0,0,1,0,0,0,0,
0,0,2,159,0,44,0,0,96,2787,0,0,0,0,2,1,0,0,
0,0,2,159,0,44,69,0,96,2787,0,0,0,0,2,1,0,1,
0,0,3,209,0,44,69,0,4,304,0,0,0,0,71,1,0,1,
0,0,3,209,0,19,69,0,4,304,0,0,0,0,71,31,0,1,
0,0,3,223,0,19,69,0,36,1633,0,0,0,0,58,31,0,1,
0,0,3,279,0,19,69,0,48,757,0,0,0,0,33,31,0,1,
0,0,3,279,0,9,69,0,48,757,0,0,0,0,33,7,0,1,
0,0,3,279,0,24,69,0,48,757,0,0,0,0,33,9,0,1,
0,0,1,909,0,24,69,0,7,193,0,0,0,0,47,9,0,1,
19,39,1,909,0,24,69,166,7,193,17,180,8,54,47,9,80,1,
85,98,1,909,0,24,69,186,7,193,72,724,5,48,47,9,12,1,
85,98,2,171,0,24,69,186,28,2679,72,724,5,48,7,9,12,1,
85,98,2,171,0,1,69,186,28,2679,72,724,5,48,7,43,12,1,
15,44,2,171,1,1,69,36,28,2679,73,38,7,38,7,43,93,1,
15,44,2,171,1,28,69,36,28,2679,73,38,7,38,7,40,93,1,
56,28,2,171,1,28,69,209,28,2679,99,324,7,98,7,40,85,1,
56,28,2,171,1,90,69,209,28,2679,99,324,7,98,7,13,85,1,
81,62,2,171,0,90,69,37,28,2679,13,378,19,84,7,13,77,1,
55,95,2,171,0,90,69,48,28,2679,26,96,10,14,7,13,57,1,
55,95,2,121,0,90,69,48,59,488,26,96,10,14,78,13,57,1,
10,85,2,121,1,90,69,195,59,488,36,200,14,37,78,13,90,1,
10,85,2,121,1,90,69,195,59,488,36,200,14,37,78,13,90,0,
10,85,-1,781,1,90,69,195,16,2982,36,200,14,37,53,13,90,0,
10,85,3,488,1,90,69,195,92,2889,36,200,14,37,0,13,90,0,
10,85,0,989,1,90,69,195,90,1222,36,200,14,37,66,13,90,0,
10,85,0,512,1,90,69,195,42,2944,36,200,14,37,77,13,90,0,
10,85,1,743,1,90,69,195,80,1478,36,200,14,37,5,13,90,0,
10,85,1,743,1,90,1,195,80,1478,36,200,14,37,5,13,90,0,
7,13,1,743,1,90,1,37,80,1478,4,584,18,47,5,13,66,0,
7,13,1,743,1,90,38,37,80,1478,4,584,18,47,5,13,66,0,
7,13,1,743,1,90,12,37,80,1478,4,584,18,47,5,13,66,1,
7,13,1,743,1,90,64,37,80,1478,4,584,18,47,5,13,66,0,
7,13,1,743,1,78,64,37,80,1478,4,584,18,47,5,40,66,0,
7,13,1,743,1,78,65,37,80,1478,4,584,18,47,5,40,66,0,
7,13,2,820,1,78,65,37,40,793,4,584,18,47,79,40,66,0,
7,13,2,820,1,78,30,37,40,793,4,584,18,47,79,40,66,0,
7,13,2,693,1,78,30,37,96,2259,4,584,18,47,29,40,66,0,
7,13,2,693,1,78,92,37,96,2259,4,584,18,47,29,40,66,1,
50,11,2,693,1,78,92,141,96,2259,54,538,16,94,29,40,88,1,
50,11,1,638,1,78,92,141,99,2249,54,538,16,94,21,40,88,1,
50,11,2,231,1,78,92,141,86,2391,54,538,16,94,75,40,88,1,
87,97,2,231,1,78,92,69,86,2391,7,695,14,68,75,40,7,1,
40,59,2,231,0,78,92,131,86,2391,95,817,4,67,75,40,92,1,
10,58,2,231,1,78,92,68,86,2391,39,434,0,51,75,40,52,1,
10,58,2,231,1,44,92,68,86,2391,39,434,0,51,75,14,52,1,
10,58,2,231,1,44,14,68,86,2391,39,434,0,51,75,14,52,0,
10,58,2,231,1,74,14,68,86,2391,39,434,0,51,75,2,52,0,
10,58,2,231,1,74,90,68,86,2391,39,434,0,51,75,2,52,0,
10,58,1,609,1,74,90,68,50,2768,39,434,0,51,40,2,52,0,
10,58,1,609,1,17,90,68,50,2768,39,434,0,51,40,50,52,0,
10,58,3,837,1,17,90,68,87,3518,39,434,0,51,68,50,52,0,
10,58,0,43,1,17,90,68,76,536,39,434,0,51,74,50,52,0,
10,58,-1,399,1,17,90,68,37,2595,39,434,0,51,77,50,52,0,
10,58,1,817,1,17,90,68,88,2742,39,434,0,51,86,50,52,0,
10,58,1,817,1,37,90,68,88,2742,39,434,0,51,86,12,52,0,
10,58,0,548,1,37,90,68,46,1499,39,434,0,51,81,12,52,0,
10,58,0,548,1,70,90,68,46,1499,39,434,0,51,81,30,52,0,
10,58,0,548,1,21,90,68,46,1499,39,434,0,51,81,2,52,0,
10,58,0,548,1,21,71,68,46,1499,39,434,0,51,81,2,52,0,
10,58,1,789,1,21,71,68,57,1374,39,434,0,51,99,2,52,0,
10,58,1,789,1,28,71,68,57,1374,39,434,0,51,99,28,52,0,
10,58,2,281,1,28,71,68,82,3219,39,434,0,51,59,28,52,0,
10,58,2,281,1,28,7,68,82,3219,39,434,0,51,59,28,52,0,
10,58,2,281,1,86,7,68,82,3219,39,434,0,51,59,0,52,0,
10,58,2,281,1,54,7,68,82,3219,39,434,0,51,59,40,52,0,
58,31,2,281,0,54,7,4,82,3219,35,502,0,21,59,40,66,0,
58,31,2,281,0,52,7,4,82,3219,35,502,0,21,59,34,66,0,
58,31,2,281,0,52,77,4,82,3219,35,502,0,21,59,34,66,1,
58,31,2,281,0,52,3,4,82,3219,35,502,0,21,59,34,66,0,
58,31,2,281,0,52,88,4,82,3219,35,502,0,21,59,34,66,0,
58,31,2,281,0,71,88,4,82,3219,35,502,0,21,59,6,66,0,
58,31,2,281,0,71,66,4,82,3219,35,502,0,21,59,6,66,1,
58,31,2,279,0,71,66,4,26,1308,35,502,0,21,100,6,66,1,
29,70,2,279,1,71,66,59,26,1308,42,767,17,89,100,6,30,1,
29,70,2,279,1,71,39,59,26,1308,42,767,17,89,100,6,30,1,
29,70,2,279,1,71,8,59,26,1308,42,767,17,89,100,6,30,0,
29,70,3,129,1,71,8,59,80,2775,42,767,17,89,7,6,30,0,
29,70,-1,353,1,71,8,59,57,2673,42,767,17,89,54,6,30,0,
29,70,-1,353,1,71,6,59,57,2673,42,767,17,89,54,6,30,0,
29,70,-1,353,1,98,6,59,57,2673,42,767,17,89,54,13,30,0,
29,70,-1,353,1,81,6,59,57,2673,42,767,17,89,54,16,30,0,
29,70,-1,353,1,81,74,59,57,2673,42,767,17,89,54,16,30,0,
29,70,-1,353,1,47,74,59,57,2673,42,767,17,89,54,39,30,0,
29,70,-1,353,1,47,22,59,57,2673,42,767,17,89,54,39,30,0,
29,70,-1,353,1,47,15,59,57,2673,42,767,17,89,54,39,30,1,
29,70,0,247,1,47,15,59,0,2726,42,767,17,89,26,39,30,1,
29,70,0,247,1,5,15,59,0,2726,42,767,17,89,26,32,30,1,
29,70,0,247,1,23,15,59,0,2726,42,767,17,89,26,10,30,1,
29,70,0,247,1,61,15,59,0,2726,42,767,17,89,26,34,30,1,
29,70,2,728,1,61,15,59,74,1744,42,767,17,89,23,34,30,1,
29,70,2,901,1,61,15,59,24,1896,42,767,17,89,3,34,30,1,
85,56,2,901,1,61,15,48,24,1896,11,477,5,13,3,34,98,1,
45,45,2,901,0,61,15,173,24,1896,75,853,7,18,3,34,20,1,
45,45,2,901,0,20,15,173,24,1896,75,853,7,18,3,14,20,1,
45,45,2,982,0,20,15,173,51,1759,75,853,7,18,88,14,20,1,
45,45,0,976,0,20,15,173,57,2273,75,853,7,18,61,14,20,1,
73,20,0,976,1,20,15,167,57,2273,18,950,17,50,61,14,97,1,
73,20,0,976,1,97,15,167,57,2273,18,950,17,50,61,6,97,1,
73,20,0,976,1,80,15,167,57,2273,18,950,17,50,61,13,97,1,
73,38,0,976,1,80,15,56,57,2273,66,193,2,7,61,13,86,1,
73,38,0,976,1,80,70,56,57,2273,66,193,2,7,61,13,86,1,
73,38,0,976,1,80,20,56,57,2273,66,193,2,7,61,13,86,0,
91,41,0,976,1,80,20,164,57,2273,38,222,9,15,61,13,30,0,
91,41,0,776,1,80,20,164,63,2531,38,222,9,15,77,13,30,0,
91,41,3,975,1,80,20,164,18,3207,38,222,9,15,29,13,30,0,
100,97,3,975,1,80,20,127,18,3207,3,766,17,51,29,13,13,0,
100,97,3,975,1,2,20,127,18,3207,3,766,17,51,29,47,13,0,
100,97,3,975,1,2,30,127,18,3207,3,766,17,51,29,47,13,0,
100,97,-1,929,1,2,30,127,82,1436,3,766,17,51,68,47,13,0,
100,97,-1,929,1,5,30,127,82,1436,3,766,17,51,68,36,13,0,
100,97,-1,929,1,19,30,127,82,1436,3,766,17,51,68,1,13,0,
100,97,2,334,1,19,30,127,61,2716,3,766,17,51,74,1,13,0,
100,97,0,846,1,19,30,127,43,2780,3,766,17,51,27,1,13,0,
100,97,0,846,1,19,75,127,43,2780,3,766,17,51,27,1,13,1,
100,97,0,846,1,19,17,127,43,2780,3,766,17,51,27,1,13,1,
100,97,0,846,1,77,17,127,43,2780,3,766,17,51,27,16,13,1,
100,97,0,846,1,77,21,127,43,2780,3,766,17,51,27,16,13,1,
100,97,1,92,1,77,21,127,55,3176,3,766,17,51,99,16,13,1,
100,97,1,92,1,26,21,127,55,3176,3,766,17,51,99,24,13,1,
100,97,1,92,1,26,26,127,55,3176,3,766,17,51,99,24,13,0,
100,97,1,92,1,9,26,127,55,3176,3,766,17,51,99,32,13,0,
37,100,1,92,1,9,26,92,55,3176,86,33,0,54,99,32,49,0,
37,100,1,92,1,9,51,92,55,3176,86,33,0,54,99,32,49,0,
37,100,0,968,1,9,51,92,93,3168,86,33,0,54,79,32,49,0,
37,100,0,968,1,9,1,92,93,3168,86,33,0,54,79,32,49,0,
37,100,2,863,1,9,1,92,22,3520,86,33,0,54,51,32,49,0,
37,100,2,863,1,9,93,92,22,3520,86,33,0,54,51,32,49,1,
37,100,1,831,1,9,93,92,21,2638,86,33,0,54,15,32,49,1,
37,100,1,831,1,9,84,92,21,2638,86,33,0,54,15,32,49,1,
37,100,-1,155,1,9,84,92,41,377,86,33,0,54,59,32,49,1,
37,100,-1,155,1,95,84,92,41,377,86,33,0,54,59,37,49,1,
37,100,-1,155,1,90,84,92,41,377,86,33,0,54,59,47,49,1,
7,11,-1,155,0,90,84,72,41,377,19,786,0,51,59,47,78,1,
7,11,-1,155,0,90,39,72,41,377,19,786,0,51,59,47,78,1,
7,11,1,363,0,90,39,72,50,2644,19,786,0,51,78,47,78,1,
7,11,1,363,0,31,39,72,50,2644,19,786,0,51,78,30,78,1,
64,88,1,363,1,31,39,217,50,2644,70,811,8,62,78,30,100,1,
64,88,1,363,1,27,39,217,50,2644,70,811,8,62,78,42,100,1,
64,88,3,115,1,27,39,217,83,3390,70,811,8,62,19,42,100,1,
72,83,3,115,1,27,39,126,83,3390,52,954,0,7,19,42,38,1,
72,83,3,115,1,27,33,126,83,3390,52,954,0,7,19,42,38,1,
72,83,1,603,1,27,33,126,71,1635,52,954,0,7,47,42,38,1,
72,83,-1,216,1,27,33,126,54,2176,52,954,0,7,73,42,38,1,
72,83,0,52,1,27,33,126,44,1991,52,954,0,7,2,42,38,1,
25,59,0,52,0,27,33,49,44,1991,27,711,6,17,2,42,81,1,
25,59,3,35,0,27,33,49,40,2003,27,711,6,17,69,42,81,1,
25,59,3,35,0,27,8,49,40,2003,27,711,6,17,69,42,81,1,
25,59,-1,751,0,27,8,49,17,3557,27,711,6,17,20,42,81,1,
25,59,-1,751,0,75,8,49,17,3557,27,711,6,17,20,43,81,1,
25,59,-1,751,0,11,8,49,17,3557,27,711,6,17,20,38,81,1,
25,59,-1,751,0,56,8,49,17,3557,27,711,6,17,20,46,81,1,
25,59,-1,751,0,56,21,49,17,3557,27,711,6,17,20,46,81,0,
25,59,0,468,0,56,21,49,32,2557,27,711,6,17,70,46,81,0,
46,64,0,468,1,56,21,179,32,2557,36,538,0,11,70,46,5,0,
46,64,0,468,1,8,21,179,32,2557,36,538,0,11,70,24,5,0,
27,16,0,468,1,8,21,99,32,2557,40,302,0,81,70,24,94,0,
24,86,0,468,0,8,21,140,32,2557,46,742,24,97,70,24,0,0,
24,86,0,468,0,8,14,140,32,2557,46,742,24,97,70,24,0,0,
24,86,0,468,0,41,14,140,32,2557,46,742,24,97,70,2,0,0,
24,86,-1,223,0,41,14,140,13,153,46,742,24,97,94,2,0,0,
6,87,-1,223,0,41,14,19,13,153,54,473,9,5,94,2,19,0,
6,87,-1,223,0,38,14,19,13,153,54,473,9,5,94,33,19,0,
6,87,1,833,0,38,14,19,9,1650,54,473,9,5,69,33,19,0,
100,62,1,833,1,38,14,122,9,1650,94,773,20,26,69,33,90,0,
100,62,2,7,1,38,14,122,12,3179,94,773,20,26,90,33,90,0,
100,62,2,7,1,99,14,122,12,3179,94,773,20,26,90,38,90,0,
19,20,2,7,1,99,14,68,12,3179,35,292,23,29,90,38,37,0,
19,20,2,7,1,14,14,68,12,3179,35,292,23,29,90,28,37,0,
10,56,2,7,0,14,14,42,12,3179,29,983,21,20,90,28,35,0,
10,56,2,7,0,18,14,42,12,3179,29,983,21,20,90,31,35,0,
10,56,2,7,0,43,14,42,12,3179,29,983,21,20,90,10,35,0,
10,56,0,914,0,43,14,42,16,813,29,983,21,20,51,10,35,0,
10,19,0,914,0,43,14,68,16,813,47,206,16,69,51,10,43,0,
31,47,0,914,1,43,14,116,16,813,89,150,24,71,51,10,87,0,
49,77,0,914,1,43,14,194,16,813,65,517,16,31,51,10,0,0,
49,77,0,970,1,43,14,194,92,598,65,517,16,31,6,10,0,0,
49,77,-1,174,1,43,14,194,66,2598,65,517,16,31,17,10,0,0,
49,77,-1,174,1,49,14,194,66,2598,65,517,16,31,17,28,0,0,
49,77,-1,174,1,24,14,194,66,2598,65,517,16,31,17,45,0,0,
18,3,-1,174,0,24,14,163,66,2598,8,94,20,30,17,45,27,0,
98,20,-1,174,1,24,14,42,66,2598,25,150,11,28,17,45,6,0,
20,16,-1,174,0,24,14,87,66,2598,10,318,2,40,17,45,56,0,
20,16,-1,174,0,24,53,87,66,2598,10,318,2,40,17,45,56,0,
87,24,-1,174,0,24,53,154,66,2598,23,427,13,48,17,45,92,0,
87,24,-1,174,0,24,22,154,66,2598,23,427,13,48,17,45,92,1,
87,24,-1,174,0,24,10,154,66,2598,23,427,13,48,17,45,92,1,
87,24,0,65,0,24,10,154,16,2983,23,427,13,48,100,45,92,1,
87,24,0,65,0,17,10,154,16,2983,23,427,13,48,100,46,92,1,
80,30,0,65,1,17,10,40,16,2983,32,630,19,81,100,46,83,1,
89,18,0,65,0,17,10,2,16,2983,98,529,10,70,100,46,62,1,
89,18,0,65,0,95,10,2,16,2983,98,529,10,70,100,47,62,1,
89,18,1,527,0,95,10,2,19,3020,98,529,10,70,67,47,62,1,
89,18,-1,434,0,95,10,2,32,2207,98,529,10,70,25,47,62,1,
89,18,-1,434,0,50,10,2,32,2207,98,529,10,70,25,34,62,1,
89,18,-1,434,0,55,10,2,32,2207,98,529,10,70,25,16,62,1,
89,18,-1,434,0,66,10,2,32,2207,98,529,10,70,25,2,62,1,
89,18,-1,602,0,66,10,2,20,2432,98,529,10,70,29,2,62,1,
89,18,1,406,0,66,10,2,53,2551,98,529,10,70,66,2,62,1,
89,18,0,86,0,66,10,2,44,1802,98,529,10,70,54,2,62,1,
57,71,0,86,0,66,10,225,44,1802,15,385,11,97,54,2,10,1,
57,71,0,86,0,79,10,225,44,1802,15,385,11,97,54,17,10,1,
57,71,2,829,0,79,10,225,46,3450,15,385,11,97,16,17,10,1,
57,71,2,705,0,79,10,225,96,1723,15,385,11,97,4,17,10,1,
6,63,2,705,0,79,10,186,96,1723,66,101,12,38,4,17,71,1,
92,76,2,705,1,79,10,53,96,1723,69,410,13,51,4,17,29,1,
92,76,1,386,1,79,10,53,35,3242,69,410,13,51,90,17,29,1,
36,23,1,386,1,79,10,55,35,3242,36,936,10,33,90,17,77,1,
36,23,1,386,1,31,10,55,35,3242,36,936,10,33,90,25,77,1,
36,23,1,386,1,45,10,55,35,3242,36,936,10,33,90,34,77,1,
36,23,1,386,1,45,57,55,35,3242,36,936,10,33,90,34,77,1,
36,23,1,386,1,41,57,55,35,3242,36,936,10,33,90,22,77,1,
36,23,1,386,1,3,57,55,35,3242,36,936,10,33,90,32,77,1,
36,23,1,386,1,3,42,55,35,3242,36,936,10,33,90,32,77,1,
36,23,1,951,1,3,42,55,84,3024,36,936,10,33,59,32,77,1,
36,23,1,951,1,34,42,55,84,3024,36,936,10,33,59,32,77,1,
36,23,1,418,1,34,42,55,56,1650,36,936,10,33,61,32,77,1,
36,23,1,418,1,80,42,55,56,1650,36,936,10,33,61,37,77,1,
36,23,1,418,1,80,0,55,56,1650,36,936,10,33,61,37,77,0,
25,14,1,418,0,80,0,243,56,1650,54,650,13,78,61,37,8,0,
25,14,1,365,0,80,0,243,84,2564,54,650,13,78,50,37,8,0,
25,14,1,365,0,17,0,243,84,2564,54,650,13,78,50,35,8,0,
25,14,1,365,0,94,0,243,84,2564,54,650,13,78,50,28,8,0,
25,14,1,365,0,94,11,243,84,2564,54,650,13,78,50,28,8,1,
54,55,1,365,1,94,11,194,84,2564,0,788,20,65,50,28,17,1,
54,55,1,365,1,94,77,194,84,2564,0,788,20,65,50,28,17,1,
99,34,1,365,1,94,77,127,84,2564,81,253,22,65,50,28,17,1,
99,34,1,365,1,94,30,127,84,2564,81,253,22,65,50,28,17,1,
99,34,1,365,1,94,23,127,84,2564,81,253,22,65,50,28,17,0,
99,34,1,365,1,94,76,127,84,2564,81,253,22,65,50,28,17,1,
99,34,1,365,1,94,34,127,84,2564,81,253,22,65,50,28,17,0,
20,31,1,365,0,94,34,66,84,2564,84,158,19,50,50,28,26,0,
20,31,0,832,0,94,34,66,93,2628,84,158,19,50,13,28,26,0,
20,31,0,832,0,94,23,66,93,2628,84,158,19,50,13,28,26,0,
20,31,0,832,0,15,23,66,93,2628,84,158,19,50,13,41,26,0,
43,94,0,832,0,15,23,72,93,2628,43,979,1,34,13,41,30,0,
43,94,1,252,0,15,23,72,51,2171,43,979,1,34,46,41,30,0,
2,55,1,252,0,15,23,169,51,2171,20,931,14,100,46,41,20,0,
2,55,1,252,0,93,23,169,51,2171,20,931,14,100,46,50,20,0,
98,6,1,252,1,93,23,224,51,2171,20,542,18,3,46,50,29,0,
98,6,1,252,1,93,7,224,51,2171,20,542,18,3,46,50,29,0,
8,21,1,252,1,93,7,113,51,2171,60,206,8,36,46,50,74,0,
8,21,3,321,1,93,7,113,17,2767,60,206,8,36,96,50,74,0,
8,21,3,321,1,83,7,113,17,2767,60,206,8,36,96,0,74,0,
8,21,3,474,1,83,7,113,16,202,60,206,8,36,51,0,74,0,
8,21,3,151,1,83,7,113,56,2320,60,206,8,36,29,0,74,0,
8,21,3,894,1,83,7,113,64,2744,60,206,8,36,40,0,74,0,
30,40,3,894,1,83,7,214,64,2744,7,687,24,78,40,0,11,0,
30,40,3,894,1,83,39,214,64,2744,7,687,24,78,40,0,11,0,
41,85,3,894,0,83,39,89,64,2744,56,12,0,34,40,0,96,0,
65,36,3,894,0,83,39,202,64,2744,92,312,12,72,40,0,66,0,
79,75,3,894,0,83,39,15,64,2744,96,45,4,1,40,0,59,0,
79,75,3,894,0,83,11,15,64,2744,96,45,4,1,40,0,59,0,
79,75,2,934,0,83,11,15,65,2616,96,45,4,1,1,0,59,0,
58,87,2,934,0,83,11,64,65,2616,52,31,13,64,1,0,67,0,
58,87,2,934,0,83,55,64,65,2616,52,31,13,64,1,0,67,0,
58,87,2,934,0,50,55,64,65,2616,52,31,13,64,1,29,67,0,
10,72,2,934,0,50,55,38,65,2616,42,798,12,64,1,29,80,0,
10,72,1,560,0,50,55,38,66,2862,42,798,12,64,4,29,80,0,
10,72,2,495,0,50,55,38,100,492,42,798,12,64,70,29,80,0,
10,72,2,575,0,50,55,38,95,1635,42,798,12,64,42,29,80,0,
4,81,2,575,0,50,55,212,95,1635,25,75,11,45,42,29,87,0,
4,81,2,575,0,23,55,212,95,1635,25,75,11,45,42,19,87,0,
16,13,2,575,1,23,55,165,95,1635,49,443,17,80,42,19,67,0,
13,41,2,575,0,23,55,113,95,1635,75,756,18,13,42,19,90,0,
13,41,2,575,0,23,7,113,95,1635,75,756,18,13,42,19,90,1,
13,41,1,795,0,23,7,113,68,719,75,756,18,13,37,19,90,1,
13,41,1,795,0,23,23,113,68,719,75,756,18,13,37,19,90,0,
13,41,1,795,0,39,23,113,68,719,75,756,18,13,37,9,90,0,
13,41,1,795,0,26,23,113,68,719,75,756,18,13,37,33,90,0,
13,41,3,777,0,26,23,113,40,3578,75,756,18,13,53,33,90,0,
13,41,2,490,0,26,23,113,28,2878,75,756,18,13,31,33,90,0,
13,41,2,490,0,26,63,113,28,2878,75,756,18,13,31,33,90,1,
13,41,2,490,0,26,63,113,28,2878,75,756,18,13,31,33,90,1,
13,41,2,490,0,26,46,113,28,2878,75,756,18,13,31,33,90,1,
13,41,2,490,0,26,19,113,28,2878,75,756,18,13,31,33,90,1,
13,41,2,490,0,26,99,113,28,2878,75,756,18,13,31,33,90,0,
13,41,2,490,0,26,27,113,28,2878,75,756,18,13,31,33,90,1,
13,41,2,490,0,93,27,113,28,2878,75,756,18,13,31,15,90,1,
97,60,2,490,1,93,27,165,28,2878,94,42,5,75,31,15,80,1,
97,60,0,930,1,93,27,165,13,1073,94,42,5,75,29,15,80,1,
50,69,0,930,1,93,27,61,13,1073,79,865,2,45,29,15,92,1,
50,69,0,930,1,93,66,61,13,1073,79,865,2,45,29,15,92,0,
50,69,0,930,1,82,66,61,13,1073,79,865,2,45,29,24,92,0,
50,69,0,930,1,55,66,61,13,1073,79,865,2,45,29,20,92,0,
25,34,0,930,1,55,66,8,13,1073,36,249,13,97,29,20,9,0,
25,34,0,930,1,23,66,8,13,1073,36,249,13,97,29,10,9,0,
25,34,0,930,1,38,66,8,13,1073,36,249,13,97,29,2,9,0,
24,7,0,930,0,38,66,52,13,1073,65,366,24,69,29,2,91,0,
24,7,3,441,0,38,66,52,74,1164,65,366,24,69,1,2,91,0,
24,7,3,441,0,37,66,52,74,1164,65,366,24,69,1,42,91,0,
24,7,3,441,0,37,53,52,74,1164,65,366,24,69,1,42,91,0,
24,7,3,892,0,37,53,52,87,691,65,366,24,69,22,42,91,0,
63,98,3,892,0,37,53,202,87,691,79,434,17,66,22,42,81,0,
89,46,3,892,0,37,53,217,87,691,9,806,20,40,22,42,2,0,
89,46,3,892,0,26,53,217,87,691,9,806,20,40,22,38,2,0,
89,46,0,299,0,26,53,217,52,3573,9,806,20,40,83,38,2,0,
89,46,0,299,0,26,85,217,52,3573,9,806,20,40,83,38,2,1,
19,65,0,299,1,26,85,94,52,3573,9,169,16,25,83,38,65,1,
59,61,0,299,1,26,85,138,52,3573,63,318,14,88,83,38,63,1,
59,61,0,299,1,17,85,138,52,3573,63,318,14,88,83,50,63,1,
59,61,-1,898,1,17,85,138,27,2853,63,318,14,88,31,50,63,1,
0,52,-1,898,1,17,85,115,27,2853,47,421,15,96,31,50,4,1,
0,52,-1,898,1,81,85,115,27,2853,47,421,15,96,31,35,4,1,
0,52,-1,898,1,14,85,115,27,2853,47,421,15,96,31,22,4,1,
0,52,-1,898,1,93,85,115,27,2853,47,421,15,96,31,28,4,1,
0,52,-1,62,1,93,85,115,82,1470,47,421,15,96,50,28,4,1,
0,52,2,463,1,93,85,115,19,41,47,421,15,96,8,28,4,1,
0,52,2,463,1,79,85,115,19,41,47,421,15,96,8,38,4,1,
0,52,2,463,1,79,24,115,19,41,47,421,15,96,8,38,4,0,
0,52,2,463,1,79,55,115,19,41,47,421,15,96,8,38,4,1,
0,52,2,463,1,79,55,115,19,41,47,421,15,96,8,38,4,0,
59,55,2,463,0,79,55,144,19,41,92,480,17,88,8,38,92,0,
59,55,2,463,0,65,55,144,19,41,92,480,17,88,8,20,92,0,
80,82,2,463,1,65,55,41,19,41,87,224,7,10,8,20,97,0,
80,82,-1,554,1,65,55,41,61,3083,87,224,7,10,89,20,97,0,
80,82,-1,554,1,65,75,41,61,3083,87,224,7,10,89,20,97,1,
53,37,-1,554,1,65,75,46,61,3083,27,781,6,8,89,20,32,1,
53,37,-1,554,1,65,4,46,61,3083,27,781,6,8,89,20,32,0,
53,37,2,685,1,65,4,46,80,3235,27,781,6,8,44,20,32,0,
81,67,2,685,1,65,4,23,80,3235,30,985,0,76,44,20,59,0,
5,30,2,685,0,65,4,54,80,3235,10,720,24,27,44,20,33,0,
3,85,2,685,1,65,4,102,80,3235,38,141,9,68,44,20,45,0,
3,85,2,477,1,65,4,102,88,2471,38,141,9,68,74,20,45,0,
68,20,2,477,0,65,4,84,88,2471,9,265,12,65,74,20,21,0,
68,20,3,790,0,65,4,84,19,1672,9,265,12,65,61,20,21,0,
68,20,-1,427,0,65,4,84,44,1587,9,265,12,65,33,20,21,0,
68,20,-1,427,0,18,4,84,44,1587,9,265,12,65,33,17,21,0,
68,20,-1,427,0,18,64,84,44,1587,9,265,12,65,33,17,21,0,
86,16,-1,427,1,18,64,118,44,1587,4,909,11,97,33,17,14,0,
86,16,-1,427,1,18,81,118,44,1587,4,909,11,97,33,17,14,1,
86,16,-1,427,1,56,81,118,44,1587,4,909,11,97,33,13,14,1,
86,16,1,809,1,56,81,118,52,3158,4,909,11,97,43,13,14,1,
20,59,1,809,0,56,81,4,52,3158,9,537,4,5,43,13,35,1,
26,35,1,809,1,56,81,94,52,3158,24,729,4,30,43,13,91,1,
26,35,3,829,1,56,81,94,26,298,24,729,4,30,96,13,91,1,
26,35,3,829,1,56,34,94,26,298,24,729,4,30,96,13,91,1,
26,35,1,861,1,56,34,94,53,496,24,729,4,30,33,13,91,1,
26,35,1,861,1,56,34,94,53,496,24,729,4,30,33,23,91,1,
26,35,1,861,1,56,19,94,53,496,24,729,4,30,33,23,91,1,
26,35,1,861,1,16,19,94,53,496,24,729,4,30,33,12,91,1,
26,35,1,861,1,18,19,94,53,496,24,729,4,30,33,6,91,1,
80,60,1,861,1,18,19,89,53,496,62,132,9,61,33,6,31,1,
11,55,1,861,0,18,19,49,53,496,7,286,0,77,33,6,72,1,
84,49,1,861,1,18,19,19,53,496,18,740,9,1,33,6,97,1,
48,14,1,861,0,18,19,135,53,496,85,654,18,84,33,6,24,1,
37,80,1,861,0,18,19,29,53,496,24,28,16,70,33,6,66,1,
57,31,1,861,1,18,19,26,53,496,60,919,3,82,33,6,12,1,
57,31,1,861,1,66,19,26,53,496,60,919,3,82,33,38,12,1,
57,31,1,861,1,66,23,26,53,496,60,919,3,82,33,38,12,0,
57,31,1,861,1,43,23,26,53,496,60,919,3,82,33,44,12,0,
57,31,1,861,1,97,23,26,53,496,60,919,3,82,33,22,12,0,
57,31,1,861,1,20,23,26,53,496,60,919,3,82,33,36,12,0,
58,29,1,861,1,20,23,211,53,496,35,669,4,68,33,36,89,0,
58,29,2,832,1,20,23,211,79,1102,35,669,4,68,81,36,89,0,
58,29,2,832,1,20,33,211,79,1102,35,669,4,68,81,36,89,1,
58,29,2,832,1,15,33,211,79,1102,35,669,4,68,81,32,89,1,
58,29,3,227,1,15,33,211,16,1249,35,669,4,68,70,32,89,1,
58,29,3,227,1,15,90,211,16,1249,35,669,4,68,70,32,89,1,
58,29,3,227,1,43,90,211,16,1249,35,669,4,68,70,50,89,1,
58,29,3,227,1,9,90,211,16,1249,35,669,4,68,70,46,89,1,
58,29,3,227,1,59,90,211,16,1249,35,669,4,68,70,49,89,1,
58,29,3,227,1,17,90,211,16,1249,35,669,4,68,70,9,89,1,
58,29,3,609,1,17,90,211,16,53,35,669,4,68,50,9,89,1,
58,29,3,609,1,17,77,211,16,53,35,669,4,68,50,9,89,1,
58,29,3,609,1,17,95,211,16,53,35,669,4,68,50,9,89,0,
58,29,2,985,1,17,95,211,92,2739,35,669,4,68,65,9,89,0,
58,29,3,299,1,17,95,211,93,3185,35,669,4,68,23,9,89,0,
58,29,2,737,1,17,95,211,87,3563,35,669,4,68,86,9,89,0,
58,29,1,939,1,17,95,211,12,3579,35,669,4,68,3,9,89,0,
58,29,1,939,1,29,95,211,12,3579,35,669,4,68,3,17,89,0,
59,37,1,939,1,29,95,4,12,3579,74,451,9,43,3,17,40,0,
59,37,1,939,1,29,87,4,12,3579,74,451,9,43,3,17,40,1,
59,37,1,939,1,29,18,4,12,3579,74,451,9,43,3,17,40,0,
59,37,3,410,1,29,18,4,56,2448,74,451,9,43,86,